ID,Title,Price (GBP),Categories,Price (EUR),Exchange Date
1,It's Only the Himalayas,45.17,"Test Category, Travel",51.99,2026-01-28
2,Full Moon over Noah’s Ark: An Odyssey to Mount Ararat and Beyond,49.43,Travel,56.89,2026-01-28
3,See America: A Celebration of Our National Parks & Treasured Sites,48.87,Travel,56.25,2026-01-28
4,Vagabonding: An Uncommon Guide to the Art of Long-Term World Travel,36.94,Travel,42.52,2026-01-28
5,Under the Tuscan Sun,37.33,Travel,42.97,2026-01-28
6,A Summer In Europe,44.34,Travel,51.04,2026-01-28
7,The Great Railway Bazaar,30.54,Travel,35.15,2026-01-28
8,A Year in Provence (Provence #1),56.88,Travel,65.47,2026-01-28
9,The Road to Little Dribbling: Adventures of an American in Britain (Notes From a Small Island #2),23.21,Travel,26.71,2026-01-28
10,Neither Here nor There: Travels in Europe,38.95,Travel,44.83,2026-01-28
11,"1,000 Places to See Before You Die",26.08,Travel,30.02,2026-01-28
12,Sharp Objects,47.82,Mystery,55.04,2026-01-28
13,"In a Dark, Dark Wood",19.63,Mystery,22.59,2026-01-28
14,The Past Never Ends,56.5,Mystery,65.03,2026-01-28
15,A Murder in Time,16.64,Mystery,19.15,2026-01-28
16,The Murder of Roger Ackroyd (Hercule Poirot #4),44.1,Mystery,50.76,2026-01-28
17,The Last Mile (Amos Decker #2),54.21,Mystery,62.4,2026-01-28
18,That Darkness (Gardiner and Renner #1),13.92,Mystery,16.02,2026-01-28
19,Tastes Like Fear (DI Marnie Rome #3),10.69,Mystery,12.3,2026-01-28
20,A Time of Torment (Charlie Parker #14),48.35,Mystery,55.65,2026-01-28
21,A Study in Scarlet (Sherlock Holmes #1),16.73,Mystery,19.26,2026-01-28
22,Poisonous (Max Revere Novels #3),26.8,Mystery,30.85,2026-01-28
23,Murder at the 42nd Street Library (Raymond Ambler #1),54.36,Mystery,62.57,2026-01-28
24,Most Wanted,35.28,Mystery,40.61,2026-01-28
25,Hide Away (Eve Duncan #20),11.84,Mystery,13.63,2026-01-28
26,Boar Island (Anna Pigeon #19),59.48,Mystery,68.46,2026-01-28
27,The Widow,27.26,Mystery,31.38,2026-01-28
28,Playing with Fire,13.71,Mystery,15.78,2026-01-28
29,What Happened on Beale Street (Secrets of the South Mysteries #2),25.37,Mystery,29.2,2026-01-28
30,The Bachelor Girl's Guide to Murder (Herringford and Watts Mysteries #1),52.3,Mystery,60.2,2026-01-28
31,Delivering the Truth (Quaker Midwife Mystery #1),20.89,Mystery,24.04,2026-01-28
32,The Mysterious Affair at Styles (Hercule Poirot #1),24.8,Mystery,28.54,2026-01-28
33,In the Woods (Dublin Murder Squad #1),38.38,Mystery,44.18,2026-01-28
34,The Silkworm (Cormoran Strike #2),23.05,Mystery,26.53,2026-01-28
35,The Exiled,43.45,Mystery,50.01,2026-01-28
36,The Cuckoo's Calling (Cormoran Strike #1),19.21,Mystery,22.11,2026-01-28
37,Extreme Prey (Lucas Davenport #26),25.4,Mystery,29.24,2026-01-28
38,Career of Evil (Cormoran Strike #3),24.72,Mystery,28.45,2026-01-28
39,The No. 1 Ladies' Detective Agency (No. 1 Ladies' Detective Agency #1),57.7,Mystery,66.41,2026-01-28
40,The Girl You Lost,12.29,Mystery,14.15,2026-01-28
41,The Girl In The Ice (DCI Erika Foster #1),15.85,Mystery,18.24,2026-01-28
42,Blood Defense (Samantha Brinkman #1),20.3,Mystery,23.37,2026-01-28
43,1st to Die (Women's Murder Club #1),53.98,Mystery,62.13,2026-01-28
44,Tipping the Velvet,53.74,Historical Fiction,61.85,2026-01-28
45,Forever and Forever: The Courtship of Henry Longfellow and Fanny Appleton,29.69,Historical Fiction,34.17,2026-01-28
46,A Flight of Arrows (The Pathfinders #2),55.53,Historical Fiction,63.92,2026-01-28
47,The House by the Lake,36.95,Historical Fiction,42.53,2026-01-28
48,Mrs. Houdini,30.25,Historical Fiction,34.82,2026-01-28
49,The Marriage of Opposites,28.08,Historical Fiction,32.32,2026-01-28
50,Glory over Everything: Beyond The Kitchen House,45.84,Historical Fiction,52.76,2026-01-28
51,"Love, Lies and Spies",20.55,Historical Fiction,23.65,2026-01-28
52,A Paris Apartment,39.01,Historical Fiction,44.9,2026-01-28
53,Lilac Girls,17.28,Historical Fiction,19.89,2026-01-28
54,The Constant Princess (The Tudor Court #1),16.62,Historical Fiction,19.13,2026-01-28
55,The Invention of Wings,37.34,Historical Fiction,42.98,2026-01-28
56,World Without End (The Pillars of the Earth #2),32.97,Historical Fiction,37.95,2026-01-28
57,The Passion of Dolssa,28.32,Historical Fiction,32.6,2026-01-28
58,Girl With a Pearl Earring,26.77,Historical Fiction,30.81,2026-01-28
59,Voyager (Outlander #3),21.07,Historical Fiction,24.25,2026-01-28
60,The Red Tent,35.66,Historical Fiction,41.04,2026-01-28
61,The Last Painting of Sara de Vos,55.55,Historical Fiction,63.94,2026-01-28
62,The Guernsey Literary and Potato Peel Pie Society,49.53,Historical Fiction,57.01,2026-01-28
63,Girl in the Blue Coat,46.83,Historical Fiction,53.9,2026-01-28
64,Between Shades of Gray,20.79,Historical Fiction,23.93,2026-01-28
65,While You Were Mine,41.32,Historical Fiction,47.56,2026-01-28
66,The Secret Healer,34.56,Historical Fiction,39.78,2026-01-28
67,Starlark,25.83,Historical Fiction,29.73,2026-01-28
68,Lost Among the Living,27.7,Historical Fiction,31.88,2026-01-28
69,A Spy's Devotion (The Regency Spies of London #1),16.97,Historical Fiction,19.53,2026-01-28
70,Scott Pilgrim's Precious Little Life (Scott Pilgrim #1),52.29,Sequential Art,60.19,2026-01-28
71,Tsubasa: WoRLD CHRoNiCLE 2 (Tsubasa WoRLD CHRoNiCLE #2),16.28,Sequential Art,18.74,2026-01-28
72,This One Summer,19.49,Sequential Art,22.43,2026-01-28
73,The Nameless City (The Nameless City #1),38.16,Sequential Art,43.92,2026-01-28
74,"Saga, Volume 5 (Saga (Collected Editions) #5)",51.04,Sequential Art,58.75,2026-01-28
75,"Rat Queens, Vol. 3: Demons (Rat Queens (Collected Editions) #11-15)",50.4,Sequential Art,58.01,2026-01-28
76,"Princess Jellyfish 2-in-1 Omnibus, Vol. 01 (Princess Jellyfish 2-in-1 Omnibus #1)",13.61,Sequential Art,15.67,2026-01-28
77,"Pop Gun War, Volume 1: Gift",18.97,Sequential Art,21.83,2026-01-28
78,Patience,10.16,Sequential Art,11.69,2026-01-28
79,"Outcast, Vol. 1: A Darkness Surrounds Him (Outcast #1)",15.44,Sequential Art,17.77,2026-01-28
80,orange: The Complete Collection 1 (orange: The Complete Collection #1),48.41,Sequential Art,55.72,2026-01-28
81,"Lumberjanes, Vol. 2: Friendship to the Max (Lumberjanes #5-8)",46.91,Sequential Art,53.99,2026-01-28
82,"Lumberjanes, Vol. 1: Beware the Kitten Holy (Lumberjanes #1-4)",45.61,Sequential Art,52.5,2026-01-28
83,Lumberjanes Vol. 3: A Terrible Plan (Lumberjanes #9-12),19.92,Sequential Art,22.93,2026-01-28
84,"I Hate Fairyland, Vol. 1: Madly Ever After (I Hate Fairyland (Compilations) #1-5)",29.17,Sequential Art,33.57,2026-01-28
85,I am a Hero Omnibus Volume 1,54.63,Sequential Art,62.88,2026-01-28
86,"Giant Days, Vol. 2 (Giant Days #5-8)",22.11,Sequential Art,25.45,2026-01-28
87,Danganronpa Volume 1,51.99,Sequential Art,59.84,2026-01-28
88,"Codename Baboushka, Volume 1: The Conclave of Death",36.72,Sequential Art,42.26,2026-01-28
89,Camp Midnight,17.08,Sequential Art,19.66,2026-01-28
90,"Bitch Planet, Vol. 1: Extraordinary Machine (Bitch Planet (Collected Editions))",37.92,Sequential Art,43.65,2026-01-28
91,The Shadow Hero (The Shadow Hero),33.14,Sequential Art,38.14,2026-01-28
92,"Fables, Vol. 1: Legends in Exile (Fables #1)",41.62,Sequential Art,47.9,2026-01-28
93,Batman: The Long Halloween (Batman),36.5,Sequential Art,42.01,2026-01-28
94,Batman: The Dark Knight Returns (Batman),15.38,Sequential Art,17.7,2026-01-28
95,"Wonder Woman: Earth One, Volume One (Wonder Woman: Earth One #1)",37.34,Sequential Art,42.98,2026-01-28
96,"We Are Robin, Vol. 1: The Vigilante Business (We Are Robin #1)",53.9,Sequential Art,62.04,2026-01-28
97,Through the Woods,25.38,Sequential Art,29.21,2026-01-28
98,Superman Vol. 1: Before Truth (Superman by Gene Luen Yang #1),11.89,Sequential Art,13.69,2026-01-28
99,"So Cute It Hurts!!, Vol. 6 (So Cute It Hurts!! #6)",35.43,Sequential Art,40.78,2026-01-28
100,Robin War,47.82,Sequential Art,55.04,2026-01-28
101,"Red Hood/Arsenal, Vol. 1: Open for Business (Red Hood/Arsenal #1)",25.48,Sequential Art,29.33,2026-01-28
102,"Naruto (3-in-1 Edition), Vol. 14: Includes Vols. 40, 41 & 42 (Naruto: Omnibus #14)",38.39,Sequential Art,44.19,2026-01-28
103,Lowriders to the Center of the Earth (Lowriders in Space #2),51.51,Sequential Art,59.29,2026-01-28
104,El Deafo,57.62,Sequential Art,66.32,2026-01-28
105,Batman: Europa,32.01,Sequential Art,36.84,2026-01-28
106,Art Ops Vol. 1,48.8,Sequential Art,56.17,2026-01-28
107,"Adulthood Is a Myth: A ""Sarah's Scribbles"" Collection",10.9,Sequential Art,12.55,2026-01-28
108,"Fruits Basket, Vol. 9 (Fruits Basket #9)",33.95,Sequential Art,39.08,2026-01-28
109,Roller Girl,14.1,Sequential Art,16.23,2026-01-28
110,"Fruits Basket, Vol. 7 (Fruits Basket #7)",19.57,Sequential Art,22.53,2026-01-28
111,"Fruits Basket, Vol. 6 (Fruits Basket #6)",20.96,Sequential Art,24.12,2026-01-28
112,"Death Note, Vol. 6: Give-and-Take (Death Note #6)",36.39,Sequential Art,41.88,2026-01-28
113,"Fruits Basket, Vol. 5 (Fruits Basket #5)",16.33,Sequential Art,18.8,2026-01-28
114,"Death Note, Vol. 5: Whiteout (Death Note #5)",52.41,Sequential Art,60.32,2026-01-28
115,"The Demon Prince of Momochi House, Vol. 4 (The Demon Prince of Momochi House #4)",27.88,Sequential Art,32.09,2026-01-28
116,"Fruits Basket, Vol. 4 (Fruits Basket #4)",50.44,Sequential Art,58.06,2026-01-28
117,"The Wicked + The Divine, Vol. 3: Commercial Suicide (The Wicked + The Divine)",14.41,Sequential Art,16.59,2026-01-28
118,"The Sandman, Vol. 3: Dream Country (The Sandman (volumes) #3)",55.55,Sequential Art,63.94,2026-01-28
119,"Saga, Volume 3 (Saga (Collected Editions) #3)",21.57,Sequential Art,24.83,2026-01-28
120,Prodigy: The Graphic Novel (Legend: The Graphic Novel #2),43.63,Sequential Art,50.22,2026-01-28
121,Persepolis: The Story of a Childhood (Persepolis #1-2),39.13,Sequential Art,45.04,2026-01-28
122,Original Fake,31.45,Sequential Art,36.2,2026-01-28
123,"Grayson, Vol 3: Nemesis (Grayson #3)",42.72,Sequential Art,49.17,2026-01-28
124,"Fruits Basket, Vol. 3 (Fruits Basket #3)",45.17,Sequential Art,51.99,2026-01-28
125,"Black Butler, Vol. 1 (Black Butler #1)",49.31,Sequential Art,56.76,2026-01-28
126,Awkward,38.02,Sequential Art,43.76,2026-01-28
127,"The Sandman, Vol. 2: The Doll's House (The Sandman (volumes) #2)",54.81,Sequential Art,63.09,2026-01-28
128,"Saga, Volume 2 (Saga (Collected Editions) #2)",11.75,Sequential Art,13.52,2026-01-28
129,"Fruits Basket, Vol. 2 (Fruits Basket #2)",11.64,Sequential Art,13.4,2026-01-28
130,"Y: The Last Man, Vol. 1: Unmanned (Y: The Last Man #1)",18.51,Sequential Art,21.31,2026-01-28
131,"The Wicked + The Divine, Vol. 1: The Faust Act (The Wicked + The Divine)",36.52,Sequential Art,42.03,2026-01-28
132,"The Sandman, Vol. 1: Preludes and Nocturnes (The Sandman (volumes) #1)",54.12,Sequential Art,62.29,2026-01-28
133,The Complete Maus (Maus #1-2),10.64,Sequential Art,12.25,2026-01-28
134,"Skip Beat!, Vol. 01 (Skip Beat! #1)",42.12,Sequential Art,48.48,2026-01-28
135,"Saga, Volume 1 (Saga (Collected Editions) #1)",28.48,Sequential Art,32.78,2026-01-28
136,"Rat Queens, Vol. 1: Sass & Sorcery (Rat Queens (Collected Editions) #1-5)",46.96,Sequential Art,54.05,2026-01-28
137,"Paper Girls, Vol. 1 (Paper Girls #1-5)",21.71,Sequential Art,24.99,2026-01-28
138,"Ouran High School Host Club, Vol. 1 (Ouran High School Host Club #1)",29.87,Sequential Art,34.38,2026-01-28
139,"Ms. Marvel, Vol. 1: No Normal (Ms. Marvel (2014-2015) #1)",39.39,Sequential Art,45.34,2026-01-28
140,"Hawkeye, Vol. 1: My Life as a Weapon (Hawkeye #1)",45.24,Sequential Art,52.07,2026-01-28
141,"Giant Days, Vol. 1 (Giant Days #1-4)",56.76,Sequential Art,65.33,2026-01-28
142,"Fruits Basket, Vol. 1 (Fruits Basket #1)",40.28,Sequential Art,46.36,2026-01-28
143,"Bleach, Vol. 1: Strawberry and the Soul Reapers (Bleach #1)",34.65,Sequential Art,39.88,2026-01-28
144,"Ajin: Demi-Human, Volume 1 (Ajin: Demi-Human #1)",57.06,Sequential Art,65.68,2026-01-28
145,The Secret Garden,15.08,Classics,17.36,2026-01-28
146,The Metamorphosis,28.58,Classics,32.9,2026-01-28
147,The Pilgrim's Progress,50.26,Classics,57.85,2026-01-28
148,The Hound of the Baskervilles (Sherlock Holmes #5),14.82,Classics,17.06,2026-01-28
149,Little Women (Little Women #1),28.07,Classics,32.31,2026-01-28
150,Gone with the Wind,32.49,Classics,37.4,2026-01-28
151,Candide,58.63,Classics,67.48,2026-01-28
152,Animal Farm,57.22,Classics,65.86,2026-01-28
153,Wuthering Heights,17.73,Classics,20.41,2026-01-28
154,The Picture of Dorian Gray,29.7,Classics,34.18,2026-01-28
155,The Complete Stories and Poems (The Works of Edgar Allan Poe [Cameo Edition]),26.78,Classics,30.82,2026-01-28
156,Beowulf,38.35,Classics,44.14,2026-01-28
157,And Then There Were None,35.01,Classics,40.3,2026-01-28
158,The Story of Hong Gildong,43.19,Classics,49.71,2026-01-28
159,The Little Prince,45.42,Classics,52.28,2026-01-28
160,Sense and Sensibility,37.46,Classics,43.12,2026-01-28
161,Of Mice and Men,47.11,Classics,54.22,2026-01-28
162,Emma,32.93,Classics,37.9,2026-01-28
163,Alice in Wonderland (Alice's Adventures in Wonderland #1),55.53,Classics,63.92,2026-01-28
164,Sophie's World,15.94,Philosophy,18.35,2026-01-28
165,The Death of Humanity: and the Case for Life,58.11,Philosophy,66.88,2026-01-28
166,The Stranger,17.44,Philosophy,20.07,2026-01-28
167,Proofs of God: Classical Arguments from Tertullian to Barth,54.21,Philosophy,62.4,2026-01-28
168,Kierkegaard: A Christian Missionary to Christians,47.13,Philosophy,54.25,2026-01-28
169,"At The Existentialist Café: Freedom, Being, and apricot cocktails with: Jean-Paul Sartre, Simone de Beauvoir, Albert Camus, Martin Heidegger, Edmund Husserl, Karl Jaspers, Maurice Merleau-Ponty and others",29.93,Philosophy,34.45,2026-01-28
170,Critique of Pure Reason,20.75,Philosophy,23.88,2026-01-28
171,"Run, Spot, Run: The Ethics of Keeping Pets",20.02,Philosophy,23.04,2026-01-28
172,The Nicomachean Ethics,36.34,Philosophy,41.83,2026-01-28
173,Meditations,25.89,Philosophy,29.8,2026-01-28
174,Beyond Good and Evil,43.38,Philosophy,49.93,2026-01-28
175,Chase Me (Paris Nights #2),25.27,Romance,29.09,2026-01-28
176,Black Dust,34.53,Romance,39.74,2026-01-28
177,Her Backup Boyfriend (The Sorensen Family #1),33.97,Romance,39.1,2026-01-28
178,First and First (Five Boroughs #3),15.97,Romance,18.38,2026-01-28
179,Fifty Shades Darker (Fifty Shades #2),21.96,Romance,25.28,2026-01-28
180,The Wedding Dress,24.12,Romance,27.76,2026-01-28
181,Suddenly in Love (Lake Haven #1),55.99,Romance,64.44,2026-01-28
182,Something More Than This,16.24,Romance,18.69,2026-01-28
183,Doing It Over (Most Likely To #1),35.61,Romance,40.99,2026-01-28
184,The Wedding Pact (The O'Malleys #2),32.61,Romance,37.53,2026-01-28
185,Hold Your Breath (Search and Rescue #1),28.82,Romance,33.17,2026-01-28
186,Dirty (Dive Bar #1),40.83,Romance,47.0,2026-01-28
187,Take Me Home Tonight (Rock Star Romance #3),53.98,Romance,62.13,2026-01-28
188,Off the Hook (Fishing for Trouble #1),47.67,Romance,54.87,2026-01-28
189,A Gentleman's Position (Society of Gentlemen #3),14.75,Romance,16.98,2026-01-28
190,"Sit, Stay, Love",20.9,Romance,24.06,2026-01-28
191,A Girl's Guide to Moving On (New Beginnings #2),31.3,Romance,36.03,2026-01-28
192,The Perfect Play (Play by Play #1),59.99,Romance,69.05,2026-01-28
193,Dark Lover (Black Dagger Brotherhood #1),12.87,Romance,14.81,2026-01-28
194,Changing the Game (Play by Play #2),13.38,Romance,15.4,2026-01-28
195,A Walk to Remember,56.43,Romance,64.95,2026-01-28
196,The Purest Hook (Second Circle Tattoos #3),12.25,Romance,14.1,2026-01-28
197,The Obsession,45.43,Romance,52.29,2026-01-28
198,Reservations for Two,11.1,Romance,12.78,2026-01-28
199,Best of My Love (Fool's Gold #20),27.41,Romance,31.55,2026-01-28
200,Where Lightning Strikes (Bleeding Stars #3),39.77,Romance,45.78,2026-01-28
201,This One Moment (Pushing Limits #1),48.71,Romance,56.07,2026-01-28
202,"Rhythm, Chord & Malykhin",28.34,Romance,32.62,2026-01-28
203,My Perfect Mistake (Over the Top #1),38.92,Romance,44.8,2026-01-28
204,Listen to Me (Fusion #1),58.99,Romance,67.9,2026-01-28
205,Imperfect Harmony,34.74,Romance,39.99,2026-01-28
206,Fighting Fate (Fighting #6),39.24,Romance,45.17,2026-01-28
207,Deep Under (Walker Security #1),47.09,Romance,54.2,2026-01-28
208,Charity's Cross (Charles Towne Belles #4),41.24,Romance,47.47,2026-01-28
209,Bounty (Colorado Mountain #7),37.26,Romance,42.89,2026-01-28
210,I Had a Nice Time And Other Lies...: How to find love & sh*t like that,57.36,Womens Fiction,66.02,2026-01-28
211,Will You Won't You Want Me?,13.86,Womens Fiction,15.95,2026-01-28
212,Keep Me Posted,20.46,Womens Fiction,23.55,2026-01-28
213,Grey (Fifty Shades #4),48.49,Womens Fiction,55.81,2026-01-28
214,Meternity,43.58,Womens Fiction,50.16,2026-01-28
215,Some Women,13.73,Womens Fiction,15.8,2026-01-28
216,Shopaholic Ties the Knot (Shopaholic #3),48.39,Womens Fiction,55.7,2026-01-28
217,Can You Keep a Secret?,21.94,Womens Fiction,25.25,2026-01-28
218,Twenties Girl,42.8,Womens Fiction,49.26,2026-01-28
219,The Undomestic Goddess,45.75,Womens Fiction,52.66,2026-01-28
220,The Nanny Diaries (Nanny #1),52.53,Womens Fiction,60.46,2026-01-28
221,The Devil Wears Prada (The Devil Wears Prada #1),44.29,Womens Fiction,50.98,2026-01-28
222,Something Borrowed (Darcy & Rachel #1),48.96,Womens Fiction,56.35,2026-01-28
223,Something Blue (Darcy & Rachel #2),54.62,Womens Fiction,62.87,2026-01-28
224,I've Got Your Number,19.69,Womens Fiction,22.66,2026-01-28
225,The Edge of Reason (Bridget Jones #2),19.18,Womens Fiction,22.08,2026-01-28
226,Bridget Jones's Diary (Bridget Jones #1),29.82,Womens Fiction,34.32,2026-01-28
227,Soumission,50.1,Fiction,57.67,2026-01-28
228,Private Paris (Private #10),47.61,Fiction,54.8,2026-01-28
229,"We Love You, Charlie Freeman",50.27,Fiction,57.86,2026-01-28
230,Thirst,17.27,Fiction,19.88,2026-01-28
231,The Murder That Never Was (Forensic Instincts #5),54.11,Fiction,62.28,2026-01-28
232,Tuesday Nights in 1980,21.04,Fiction,24.22,2026-01-28
233,The Vacationers,42.15,Fiction,48.51,2026-01-28
234,The Regional Office Is Under Attack!,51.36,Fiction,59.12,2026-01-28
235,Finders Keepers (Bill Hodges Trilogy #2),53.53,Fiction,61.61,2026-01-28
236,The Time Keeper,27.88,Fiction,32.09,2026-01-28
237,The Testament of Mary,52.67,Fiction,60.62,2026-01-28
238,The First Hostage (J.B. Collins #2),25.85,Fiction,29.75,2026-01-28
239,Take Me with You,45.21,Fiction,52.04,2026-01-28
240,Still Life with Bread Crumbs,26.41,Fiction,30.4,2026-01-28
241,Shtum,55.84,Fiction,64.27,2026-01-28
242,My Name Is Lucy Barton,41.56,Fiction,47.84,2026-01-28
243,My Mrs. Brown,24.48,Fiction,28.18,2026-01-28
244,Mr. Mercedes (Bill Hodges Trilogy #1),28.9,Fiction,33.26,2026-01-28
245,I Am Pilgrim (Pilgrim #1),10.6,Fiction,12.2,2026-01-28
246,Eligible (The Austen Project #4),27.09,Fiction,31.18,2026-01-28
247,Eight Hundred Grapes,14.39,Fiction,16.56,2026-01-28
248,Dear Mr. Knightley,11.21,Fiction,12.9,2026-01-28
249,Cometh the Hour (The Clifton Chronicles #6),25.01,Fiction,28.79,2026-01-28
250,Balloon Animals,17.03,Fiction,19.6,2026-01-28
251,A Man Called Ove,39.72,Fiction,45.72,2026-01-28
252,The Silent Sister (Riley MacPherson #1),46.29,Fiction,53.28,2026-01-28
253,The Dinner Party,56.54,Fiction,65.08,2026-01-28
254,The Improbability of Love,59.45,Fiction,68.43,2026-01-28
255,Mothering Sunday,13.34,Fiction,15.35,2026-01-28
256,Lies and Other Acts of Love,45.14,Fiction,51.96,2026-01-28
257,Daredevils,16.34,Fiction,18.81,2026-01-28
258,11/22/63,48.48,Fiction,55.8,2026-01-28
259,The Shack,28.03,Fiction,32.26,2026-01-28
260,The High Mountains of Portugal,51.15,Fiction,58.87,2026-01-28
261,Miller's Valley,58.54,Fiction,67.38,2026-01-28
262,Hystopia: A Novel,21.96,Fiction,25.28,2026-01-28
263,The Bourne Identity (Jason Bourne #1),42.78,Fiction,49.24,2026-01-28
264,Sister Dear,40.2,Fiction,46.27,2026-01-28
265,Memoirs of a Geisha,49.67,Fiction,57.17,2026-01-28
266,Me Before You (Me Before You #1),19.02,Fiction,21.89,2026-01-28
267,Deception Point,40.32,Fiction,46.41,2026-01-28
268,The Little Paris Bookshop,24.73,Fiction,28.46,2026-01-28
269,The Firm,45.56,Fiction,52.44,2026-01-28
270,The Expatriates,44.58,Fiction,51.31,2026-01-28
271,Siddhartha,34.22,Fiction,39.39,2026-01-28
272,Last One Home (New Beginnings #1),59.98,Fiction,69.04,2026-01-28
273,Digital Fortress,58.0,Fiction,66.76,2026-01-28
274,Atlas Shrugged,26.58,Fiction,30.59,2026-01-28
275,Three-Martini Lunch,23.21,Fiction,26.71,2026-01-28
276,The Nightingale,26.26,Fiction,30.23,2026-01-28
277,The Infinities,27.41,Fiction,31.55,2026-01-28
278,The Husband's Secret,52.51,Fiction,60.44,2026-01-28
279,The Da Vinci Code (Robert Langdon #2),22.96,Fiction,26.43,2026-01-28
280,The Art of Fielding,22.1,Fiction,25.44,2026-01-28
281,Lila (Gilead #3),12.47,Fiction,14.35,2026-01-28
282,Jurassic Park (Jurassic Park #1),44.97,Fiction,51.76,2026-01-28
283,Inferno (Robert Langdon #4),41.0,Fiction,47.19,2026-01-28
284,Crazy Rich Asians (Crazy Rich Asians #1),49.13,Fiction,56.55,2026-01-28
285,Big Little Lies,22.11,Fiction,25.45,2026-01-28
286,The Course of Love,16.78,Fiction,19.31,2026-01-28
287,When I'm Gone,51.96,Fiction,59.81,2026-01-28
288,The Silent Wife,12.34,Fiction,14.2,2026-01-28
289,The Bette Davis Club,30.66,Fiction,35.29,2026-01-28
290,Kitchens of the Great Midwest,57.2,Fiction,65.84,2026-01-28
291,Bright Lines,39.07,Fiction,44.97,2026-01-28
292,Birdsong: A Story in Pictures,54.64,Childrens,62.89,2026-01-28
293,The Bear and the Piano,36.89,Childrens,42.46,2026-01-28
294,The Secret of Dreadwillow Carse,56.13,Childrens,64.61,2026-01-28
295,The White Cat and the Monk: A Retelling of the Poem “Pangur Bán”,58.08,Childrens,66.85,2026-01-28
296,Little Red,13.47,Childrens,15.5,2026-01-28
297,Walt Disney's Alice in Wonderland,12.96,Childrens,14.92,2026-01-28
298,Twenty Yawns,22.08,Childrens,25.41,2026-01-28
299,Rain Fish,23.57,Childrens,27.13,2026-01-28
300,Once Was a Time,18.28,Childrens,21.04,2026-01-28
301,Luis Paints the World,53.95,Childrens,62.1,2026-01-28
302,Nap-a-Roo,25.08,Childrens,28.87,2026-01-28
303,The Whale,35.96,Childrens,41.39,2026-01-28
304,"Shrunken Treasures: Literary Classics, Short, Sweet, and Silly",52.87,Childrens,60.85,2026-01-28
305,Raymie Nightingale,34.41,Childrens,39.61,2026-01-28
306,Playing from the Heart,32.38,Childrens,37.27,2026-01-28
307,Maybe Something Beautiful: How Art Transformed a Neighborhood,22.54,Childrens,25.94,2026-01-28
308,The Wild Robot,56.07,Childrens,64.54,2026-01-28
309,The Thing About Jellyfish,48.77,Childrens,56.13,2026-01-28
310,The Lonely Ones,43.59,Childrens,50.17,2026-01-28
311,The Day the Crayons Came Home (Crayons),26.33,Childrens,30.31,2026-01-28
312,The Cat in the Hat (Beginner Books B-1),16.26,Childrens,18.72,2026-01-28
313,Red: The True Story of Red Riding Hood,28.54,Childrens,32.85,2026-01-28
314,Horrible Bear!,37.52,Childrens,43.19,2026-01-28
315,Green Eggs and Ham (Beginner Books B-16),10.79,Childrens,12.42,2026-01-28
316,Counting Thyme,10.62,Childrens,12.22,2026-01-28
317,Are We There Yet?,10.66,Childrens,12.27,2026-01-28
318,Diary of a Minecraft Zombie Book 1: A Scare of a Dare (An Unofficial Minecraft Book),52.88,Childrens,60.86,2026-01-28
319,Matilda,28.34,Childrens,32.62,2026-01-28
320,Charlie and the Chocolate Factory (Charlie Bucket #1),22.85,Childrens,26.3,2026-01-28
321,"Don't Be a Jerk: And Other Practical Advice from Dogen, Japan's Greatest Zen Master",37.97,Religion,43.7,2026-01-28
322,You Are What You Love: The Spiritual Power of Habit,21.87,Religion,25.17,2026-01-28
323,God: The Most Unpleasant Character in All Fiction,30.03,Religion,34.56,2026-01-28
324,The Book of Mormon,24.57,Religion,28.28,2026-01-28
325,"A History of God: The 4,000-Year Quest of Judaism, Christianity, and Islam",27.62,Religion,31.79,2026-01-28
326,The Bhagavad Gita,57.49,Religion,66.17,2026-01-28
327,Choosing Our Religion: The Spiritual Lives of America's Nones,28.42,Religion,32.71,2026-01-28
328,Worlds Elsewhere: Journeys Around Shakespeare’s Globe,40.3,Nonfiction,46.39,2026-01-28
329,The Five Love Languages: How to Express Heartfelt Commitment to Your Mate,31.05,Nonfiction,35.74,2026-01-28
330,Reasons to Stay Alive,26.41,Nonfiction,30.4,2026-01-28
331,#HigherSelfie: Wake Up Your Life. Free Your Soul. Find Your Tribe.,23.11,Nonfiction,26.6,2026-01-28
332,"Unseen City: The Majesty of Pigeons, the Discreet Charm of Snails & Other Wonders of the Urban Wilderness",44.18,Nonfiction,50.85,2026-01-28
333,Throwing Rocks at the Google Bus: How Growth Became the Enemy of Prosperity,31.12,Nonfiction,35.82,2026-01-28
334,The Life-Changing Magic of Tidying Up: The Japanese Art of Decluttering and Organizing,16.77,Nonfiction,19.3,2026-01-28
335,The Gutsy Girl: Escapades for Your Life of Epic Adventure,37.13,Nonfiction,42.74,2026-01-28
336,The Electric Pencil: Drawings from Inside State Hospital No. 3,56.06,Nonfiction,64.53,2026-01-28
337,Spark Joy: An Illustrated Master Class on the Art of Organizing and Tidying Up,41.83,Nonfiction,48.15,2026-01-28
338,Reskilling America: Learning to Labor in the Twenty-First Century,19.83,Nonfiction,22.82,2026-01-28
339,In the Country We Love: My Family Divided,22.0,Nonfiction,25.32,2026-01-28
340,Everydata: The Misinformation Hidden in the Little Data You Consume Every Day,54.35,Nonfiction,62.56,2026-01-28
341,Call the Nurse: True Stories of a Country Nurse on a Scottish Isle,29.14,Nonfiction,33.54,2026-01-28
342,Algorithms to Live By: The Computer Science of Human Decisions,30.81,Nonfiction,35.46,2026-01-28
343,The Power of Now: A Guide to Spiritual Enlightenment,43.54,Nonfiction,50.11,2026-01-28
344,The Omnivore's Dilemma: A Natural History of Four Meals,38.21,Nonfiction,43.98,2026-01-28
345,The Genius of Birds,17.24,Nonfiction,19.84,2026-01-28
346,The Artist's Way: A Spiritual Path to Higher Creativity,38.49,Nonfiction,44.3,2026-01-28
347,So You've Been Publicly Shamed,12.23,Nonfiction,14.08,2026-01-28
348,"Daring Greatly: How the Courage to Be Vulnerable Transforms the Way We Live, Love, Parent, and Lead",19.43,Nonfiction,22.36,2026-01-28
349,Big Magic: Creative Living Beyond Fear,30.8,Nonfiction,35.45,2026-01-28
350,Becoming Wise: An Inquiry into the Mystery and Art of Living,27.43,Nonfiction,31.57,2026-01-28
351,Agnostic: A Spirited Manifesto,12.51,Nonfiction,14.4,2026-01-28
352,Whole Lotta Creativity Going On: 60 Fun and Unusual Exercises to Awaken and Strengthen Your Creativity,38.2,Nonfiction,43.97,2026-01-28
353,What's It Like in Space?: Stories from Astronauts Who've Been There,19.6,Nonfiction,22.56,2026-01-28
354,The Year of Magical Thinking,43.04,Nonfiction,49.54,2026-01-28
355,The Literature Book (Big Ideas Simply Explained),17.43,Nonfiction,20.06,2026-01-28
356,The Bad-Ass Librarians of Timbuktu: And Their Race to Save the World’s Most Precious Manuscripts,15.77,Nonfiction,18.15,2026-01-28
357,Swell: A Year of Waves,45.58,Nonfiction,52.46,2026-01-28
358,No Dream Is Too High: Life Lessons From a Man Who Walked on the Moon,21.95,Nonfiction,25.26,2026-01-28
359,Looking for Lovely: Collecting the Moments that Matter,29.14,Nonfiction,33.54,2026-01-28
360,Let It Out: A Journey Through Journaling,26.79,Nonfiction,30.84,2026-01-28
361,Hamilton: The Revolution,58.79,Nonfiction,67.67,2026-01-28
362,"Far & Away: Places on the Brink of Change: Seven Continents, Twenty-Five Years",15.06,Nonfiction,17.33,2026-01-28
363,"Eaternity: More than 150 Deliciously Easy Vegan Recipes for a Long, Healthy, Satisfied, Joyful Life",51.75,Nonfiction,59.56,2026-01-28
364,Buying In: The Secret Dialogue Between What We Buy and Who We Are,37.8,Nonfiction,43.51,2026-01-28
365,Brain on Fire: My Month of Madness,49.32,Nonfiction,56.77,2026-01-28
366,Abstract City,56.37,Nonfiction,64.88,2026-01-28
367,13 Hours: The Inside Account of What Really Happened In Benghazi,27.06,Nonfiction,31.15,2026-01-28
368,The Lonely City: Adventures in the Art of Being Alone,33.26,Nonfiction,38.28,2026-01-28
369,The Diary of a Young Girl,59.9,Nonfiction,68.94,2026-01-28
370,Snatched: How A Drug Queen Went Undercover for the DEA and Was Kidnapped By Colombian Guerillas,21.21,Nonfiction,24.41,2026-01-28
371,Furiously Happy: A Funny Book About Horrible Things,41.46,Nonfiction,47.72,2026-01-28
372,"The Sleep Revolution: Transforming Your Life, One Night at a Time",11.68,Nonfiction,13.44,2026-01-28
373,"Mother, Can You Not?",16.89,Nonfiction,19.44,2026-01-28
374,A Mother's Reckoning: Living in the Aftermath of Tragedy,19.53,Nonfiction,22.48,2026-01-28
375,"10% Happier: How I Tamed the Voice in My Head, Reduced Stress Without Losing My Edge, and Found Self-Help That Actually Works",24.57,Nonfiction,28.28,2026-01-28
376,Chernobyl 01:23:40: The Incredible True Story of the World's Worst Nuclear Disaster,35.92,Nonfiction,41.34,2026-01-28
377,"Zero to One: Notes on Startups, or How to Build the Future",34.06,Nonfiction,39.2,2026-01-28
378,Why Not Me?,17.76,Nonfiction,20.44,2026-01-28
379,When Breath Becomes Air,39.36,Nonfiction,45.3,2026-01-28
380,"The Midnight Assassin: Panic, Scandal, and the Hunt for America's First Serial Killer",28.45,Nonfiction,32.75,2026-01-28
381,Smarter Faster Better: The Secrets of Being Productive in Life and Business,38.89,Nonfiction,44.76,2026-01-28
382,Rising Strong,21.82,Nonfiction,25.11,2026-01-28
383,Man's Search for Meaning,29.48,Nonfiction,33.93,2026-01-28
384,"Love That Boy: What Two Presidents, Eight Road Trips, and My Son Taught Me About a Parent's Expectations",25.06,Nonfiction,28.84,2026-01-28
385,Living Forward: A Proven Plan to Stop Drifting and Get the Life You Want,12.55,Nonfiction,14.45,2026-01-28
386,I Will Find You,44.21,Nonfiction,50.89,2026-01-28
387,Brazen: The Courage to Find the You That's Been Hiding,19.22,Nonfiction,22.12,2026-01-28
388,Between the World and Me,56.91,Nonfiction,65.5,2026-01-28
389,Being Mortal: Medicine and What Matters in the End,55.06,Nonfiction,63.37,2026-01-28
390,"A Murder Over a Girl: Justice, Gender, Junior High",13.2,Nonfiction,15.19,2026-01-28
391,For the Love: Fighting for Grace in a World of Impossible Standards,45.13,Nonfiction,51.94,2026-01-28
392,Finding God in the Ruins: How God Redeems Pain,46.64,Nonfiction,53.68,2026-01-28
393,The Man Who Mistook His Wife for a Hat and Other Clinical Tales,59.45,Nonfiction,68.43,2026-01-28
394,In Cold Blood,49.98,Nonfiction,57.53,2026-01-28
395,"Girl, Interrupted",42.14,Nonfiction,48.5,2026-01-28
396,Why Save the Bankers?: And Other Essays on Our Economic and Political Crisis,48.67,Nonfiction,56.02,2026-01-28
397,Talking to Girls About Duran Duran: One Young Man's Quest for True Love and a Cooler Haircut,25.15,Nonfiction,28.95,2026-01-28
398,My Mother Was Nuts,31.63,Nonfiction,36.41,2026-01-28
399,"Data, A Love Story: How I Gamed Online Dating to Meet My Match",32.35,Nonfiction,37.23,2026-01-28
400,The Jazz of Physics: The Secret Link Between Music and the Structure of the Universe,38.71,Nonfiction,44.56,2026-01-28
401,The Gunning of America: Business and the Making of American Gun Culture,16.81,Nonfiction,19.35,2026-01-28
402,The Geography of Bliss: One Grump's Search for the Happiest Places in the World,28.23,Nonfiction,32.49,2026-01-28
403,God Is Not Great: How Religion Poisons Everything,27.8,Nonfiction,32.0,2026-01-28
404,We the People: The Modern-Day Figures Who Have Reshaped and Affirmed the Founding Fathers' Vision of America,31.95,Nonfiction,36.77,2026-01-28
405,Very Good Lives: The Fringe Benefits of Failure and the Importance of Imagination,50.66,Nonfiction,58.31,2026-01-28
406,"Unstuffed: Decluttering Your Home, Mind, and Soul",58.09,Nonfiction,66.86,2026-01-28
407,Under the Banner of Heaven: A Story of Violent Faith,30.0,Nonfiction,34.53,2026-01-28
408,"Trespassing Across America: One Man's Epic, Never-Done-Before (and Sort of Illegal) Hike Across the Heartland",53.51,Nonfiction,61.59,2026-01-28
409,The Name of God is Mercy,37.25,Nonfiction,42.87,2026-01-28
410,Stiff: The Curious Lives of Human Cadavers,36.74,Nonfiction,42.29,2026-01-28
411,Spilled Milk: Based on a True Story,49.51,Nonfiction,56.99,2026-01-28
412,"Rise of the Rocket Girls: The Women Who Propelled Us, from Missiles to the Moon to Mars",41.67,Nonfiction,47.96,2026-01-28
413,Outliers: The Story of Success,14.16,Nonfiction,16.3,2026-01-28
414,Notes from a Small Island (Notes From a Small Island #1),40.17,Nonfiction,46.24,2026-01-28
415,Night (The Night Trilogy #1),13.51,Nonfiction,15.55,2026-01-28
416,"Miracles from Heaven: A Little Girl, Her Journey to Heaven, and Her Amazing Story of Healing",57.83,Nonfiction,66.56,2026-01-28
417,Letter to a Christian Nation,22.2,Nonfiction,25.55,2026-01-28
418,Let's Pretend This Never Happened: A Mostly True Memoir,45.11,Nonfiction,51.92,2026-01-28
419,It's Never Too Late to Begin Again: Discovering Creativity and Meaning at Midlife and Beyond,42.38,Nonfiction,48.78,2026-01-28
420,Into the Wild,56.7,Nonfiction,65.26,2026-01-28
421,"In the Garden of Beasts: Love, Terror, and an American Family in Hitler's Berlin",28.85,Nonfiction,33.21,2026-01-28
422,I Am Malala: The Girl Who Stood Up for Education and Was Shot by the Taliban,28.88,Nonfiction,33.24,2026-01-28
423,Gratitude,26.66,Nonfiction,30.69,2026-01-28
424,Disrupted: My Misadventure in the Start-Up Bubble,15.28,Nonfiction,17.59,2026-01-28
425,Brave Enough,51.32,Nonfiction,59.07,2026-01-28
426,"Born to Run: A Hidden Tribe, Superathletes, and the Greatest Race the World Has Never Seen",27.35,Nonfiction,31.48,2026-01-28
427,Blink: The Power of Thinking Without Thinking,21.74,Nonfiction,25.02,2026-01-28
428,Black Flags: The Rise of ISIS,40.87,Nonfiction,47.04,2026-01-28
429,Are We Smart Enough to Know How Smart Animals Are?,56.58,Nonfiction,65.12,2026-01-28
430,A Walk in the Woods: Rediscovering America on the Appalachian Trail,30.48,Nonfiction,35.08,2026-01-28
431,"The Suffragettes (Little Black Classics, #96)",11.89,Nonfiction,13.69,2026-01-28
432,Kindle Paperwhite User's Guide,34.0,Nonfiction,39.13,2026-01-28
433,H is for Hawk,57.42,Nonfiction,66.09,2026-01-28
434,Travels with Charley: In Search of America,57.82,Nonfiction,66.55,2026-01-28
435,The Tumor,41.56,Nonfiction,47.84,2026-01-28
436,The End of the Jesus Era (An Investigation #1),14.4,Nonfiction,16.57,2026-01-28
437,"Eat, Pray, Love",51.32,Nonfiction,59.07,2026-01-28
438,Rip it Up and Start Again,35.02,Music,40.31,2026-01-28
439,"Our Band Could Be Your Life: Scenes from the American Indie Underground, 1981-1991",57.25,Music,65.89,2026-01-28
440,How Music Works,37.32,Music,42.96,2026-01-28
441,Love Is a Mix Tape (Music #1),18.03,Music,20.75,2026-01-28
442,Please Kill Me: The Uncensored Oral History of Punk,31.19,Music,35.9,2026-01-28
443,Kill 'Em and Leave: Searching for James Brown and the American Soul,45.05,Music,51.85,2026-01-28
444,"Chronicles, Vol. 1",52.6,Music,60.54,2026-01-28
445,This Is Your Brain on Music: The Science of a Human Obsession,38.4,Music,44.2,2026-01-28
446,"Orchestra of Exiles: The Story of Bronislaw Huberman, the Israel Philharmonic, and the One Thousand Jews He Saved from Nazi Horrors",12.36,Music,14.23,2026-01-28
447,No One Here Gets Out Alive,20.02,Music,23.04,2026-01-28
448,Life,31.58,Music,36.35,2026-01-28
449,Old Records Never Die: One Man's Quest for His Vinyl and His Past,55.66,Music,64.06,2026-01-28
450,Forever Rockers (The Rocker #12),28.8,Music,33.15,2026-01-28
451,"The Coming Woman: A Novel Based on the Life of the Infamous Feminist, Victoria Woodhull",17.93,Default,20.64,2026-01-28
452,The Boys in the Boat: Nine Americans and Their Epic Quest for Gold at the 1936 Berlin Olympics,22.6,Default,26.01,2026-01-28
453,"Starving Hearts (Triangular Trade Trilogy, #1)",13.99,Default,16.1,2026-01-28
454,America's Cradle of Quarterbacks: Western Pennsylvania's Football Factory from Johnny Unitas to Joe Montana,22.5,Default,25.9,2026-01-28
455,Aladdin and His Wonderful Lamp,53.13,Default,61.15,2026-01-28
456,Penny Maybe,33.29,Default,38.32,2026-01-28
457,Maude (1883-1993):She Grew Up with the country,18.02,Default,20.74,2026-01-28
458,"The Inefficiency Assassin: Time Management Tactics for Working Smarter, Not Longer",20.59,Default,23.7,2026-01-28
459,Soul Reader,39.58,Default,45.56,2026-01-28
460,Bossypants,49.46,Default,56.93,2026-01-28
461,A World of Flavor: Your Gluten Free Passport,42.95,Default,49.44,2026-01-28
462,"A Piece of Sky, a Grain of Rice: A Memoir in Four Meditations",56.76,Default,65.33,2026-01-28
463,Tracing Numbers on a Train,41.6,Default,47.88,2026-01-28
464,Thirteen Reasons Why,52.72,Default,60.68,2026-01-28
465,The Secret (The Secret #1),27.37,Default,31.5,2026-01-28
466,The Psychopath Test: A Journey Through the Madness Industry,36.0,Default,41.44,2026-01-28
467,The Kite Runner,41.82,Default,48.13,2026-01-28
468,The Girl on the Train,55.02,Default,63.33,2026-01-28
469,The Emerald Mystery,23.15,Default,26.65,2026-01-28
470,The Bridge to Consciousness: I'm Writing the Bridge Between Science and Our Old and New Beliefs.,32.0,Default,36.83,2026-01-28
471,The Art of War,33.34,Default,38.37,2026-01-28
472,Secrets and Lace (Fatal Hearts #1),20.27,Default,23.33,2026-01-28
473,Romero and Juliet: A Tragic Tale of Love and Zombies,36.94,Default,42.52,2026-01-28
474,Poses for Artists Volume 1 - Dynamic and Sitting Poses: An Essential Reference for Figure Drawing and the Human Form,41.06,Default,47.26,2026-01-28
475,Miss Peregrine’s Home for Peculiar Children (Miss Peregrine’s Peculiar Children #1),10.76,Default,12.38,2026-01-28
476,Large Print Heart of the Pride,19.15,Default,22.04,2026-01-28
477,Grumbles,22.16,Default,25.51,2026-01-28
478,First Steps for New Christians (Print Edition),29.0,Default,33.38,2026-01-28
479,Eureka Trivia 6.0,54.59,Default,62.83,2026-01-28
480,Drive: The Surprising Truth About What Motivates Us,34.95,Default,40.23,2026-01-28
481,Done Rubbed Out (Reightman & Bailey #1),37.72,Default,43.42,2026-01-28
482,Beauty Restored (Riley Family Legacy Novellas #3),11.11,Default,12.79,2026-01-28
483,Ayumi's Violin,15.48,Default,17.82,2026-01-28
484,Anonymous,46.82,Default,53.89,2026-01-28
485,Amy Meets the Saints and Sages,18.46,Default,21.25,2026-01-28
486,Amatus,50.54,Default,58.17,2026-01-28
487,V for Vendetta (V for Vendetta Complete),37.1,Default,42.7,2026-01-28
488,"Unbroken: A World War II Story of Survival, Resilience, and Redemption",45.95,Default,52.89,2026-01-28
489,The Wright Brothers,56.8,Default,65.38,2026-01-28
490,The Songs of the Gods,44.48,Default,51.2,2026-01-28
491,The Rosie Project (Don Tillman #1),54.04,Default,62.2,2026-01-28
492,The Power of Habit: Why We Do What We Do in Life and Business,16.88,Default,19.43,2026-01-28
493,Steve Jobs,39.5,Default,45.46,2026-01-28
494,Luckiest Girl Alive,49.83,Default,57.35,2026-01-28
495,"Living Leadership by Insight: A Good Leader Achieves, a Great Leader Builds Monuments",46.91,Default,53.99,2026-01-28
496,Lady Midnight (The Dark Artifices #1),16.28,Default,18.74,2026-01-28
497,"Hush, Hush (Hush, Hush #1)",47.02,Default,54.12,2026-01-28
498,Greek Mythic History,10.23,Default,11.77,2026-01-28
499,Every Last Word,46.47,Default,53.49,2026-01-28
500,Daily Fantasy Sports,36.58,Default,42.1,2026-01-28
501,Clockwork Angel (The Infernal Devices #1),44.14,Default,50.81,2026-01-28
502,City of Fallen Angels (The Mortal Instruments #4),11.23,Default,12.93,2026-01-28
503,City of Bones (The Mortal Instruments #1),43.28,Default,49.82,2026-01-28
504,City of Ashes (The Mortal Instruments #2),47.27,Default,54.41,2026-01-28
505,"Carry On, Warrior: Thoughts on Life Unarmed",31.85,Default,36.66,2026-01-28
506,Carrie,46.23,Default,53.21,2026-01-28
507,Angels & Demons (Robert Langdon #1),51.48,Default,59.25,2026-01-28
508,"The Three Searches, Meaning, and the Story",13.33,Default,15.34,2026-01-28
509,Raspberry Pi Electronics Projects for the Evil Genius,49.67,Default,57.17,2026-01-28
510,How to Speak Golf: An Illustrated Guide to Links Lingo,58.32,Default,67.13,2026-01-28
511,Eleanor & Park,56.51,Default,65.04,2026-01-28
512,Troublemaker: Surviving Hollywood and Scientology,48.39,Default,55.7,2026-01-28
513,Adultery,20.88,Default,24.03,2026-01-28
514,Unlimited Intuition Now,58.87,Default,67.76,2026-01-28
515,Underlying Notes,11.82,Default,13.6,2026-01-28
516,The New Brand You: Your New Image Makes the Sale for You,44.05,Default,50.7,2026-01-28
517,The Flowers Lied,16.68,Default,19.2,2026-01-28
518,"NaNo What Now? Finding your editing process, revising your NaNoWriMo book and building a writing career through publishing and beyond",10.41,Default,11.98,2026-01-28
519,Modern Day Fables,47.44,Default,54.6,2026-01-28
520,The Unlikely Pilgrimage of Harold Fry (Harold Fry #1),43.62,Default,50.21,2026-01-28
521,The Martian (The Martian #1),41.39,Default,47.64,2026-01-28
522,Left Behind (Left Behind #1),40.72,Default,46.87,2026-01-28
523,John Vassos: Industrial Design for Modern Life,20.22,Default,23.27,2026-01-28
524,I'll Give You the Sun,56.48,Default,65.01,2026-01-28
525,Heaven is for Real: A Little Boy's Astounding Story of His Trip to Heaven and Back,52.86,Default,60.84,2026-01-28
526,Ender's Game (The Ender Quintet #1),43.64,Default,50.23,2026-01-28
527,Death by Leisure: A Cautionary Tale,37.51,Default,43.17,2026-01-28
528,Wildlife of New York: A Five-Borough Coloring Book,22.14,Default,25.48,2026-01-28
529,The Year of Living Biblically: One Man's Humble Quest to Follow the Bible as Literally as Possible,34.72,Default,39.96,2026-01-28
530,The Great Gatsby,36.05,Default,41.49,2026-01-28
531,The Good Girl,49.03,Default,56.43,2026-01-28
532,The 7 Habits of Highly Effective People: Powerful Lessons in Personal Change,33.17,Default,38.18,2026-01-28
533,Steal Like an Artist: 10 Things Nobody Told You About Being Creative,20.9,Default,24.06,2026-01-28
534,Life of Pi,13.22,Default,15.22,2026-01-28
535,The Sound Of Love,57.84,Default,66.57,2026-01-28
536,The Perks of Being a Wallflower,55.02,Default,63.33,2026-01-28
537,The Makings of a Fatherless Child,31.58,Default,36.35,2026-01-28
538,The Hobbit (Middle-Earth Universe),17.8,Default,20.49,2026-01-28
539,The Fellowship of the Ring (The Lord of the Rings #1),10.27,Default,11.82,2026-01-28
540,Ship Leaves Harbor: Essays on Travel by a Recovering Journeyman,30.6,Default,35.22,2026-01-28
541,Musicophilia: Tales of Music and the Brain,46.58,Default,53.61,2026-01-28
542,What If?: Serious Scientific Answers to Absurd Hypothetical Questions,53.68,Default,61.79,2026-01-28
543,The Fault in Our Stars,47.22,Default,54.35,2026-01-28
544,The Dream Thieves (The Raven Cycle #2),34.5,Default,39.71,2026-01-28
545,The 5th Wave (The 5th Wave #1),11.83,Default,13.62,2026-01-28
546,Shiver (The Wolves of Mercy Falls #1),16.23,Default,18.68,2026-01-28
547,Remember Me?,11.48,Default,13.21,2026-01-28
548,If I Stay (If I Stay #1),38.13,Default,43.89,2026-01-28
549,I Know Why the Caged Bird Sings (Maya Angelou's Autobiography #1),36.55,Default,42.07,2026-01-28
550,Harry Potter and the Deathly Hallows (Harry Potter #7),23.32,Default,26.84,2026-01-28
551,Fool Me Once,16.96,Default,19.52,2026-01-28
552,Drama,38.7,Default,44.54,2026-01-28
553,"Blue Lily, Lily Blue (The Raven Cycle #3)",34.13,Default,39.28,2026-01-28
554,Alight (The Generations Trilogy #2),58.59,Default,67.44,2026-01-28
555,Vogue Colors A to Z: A Fashion Coloring Book,52.35,Default,60.25,2026-01-28
556,The Shining (The Shining #1),27.88,Default,32.09,2026-01-28
557,The Hunger Games (The Hunger Games #1),29.85,Default,34.36,2026-01-28
558,Outlander (Outlander #1),19.67,Default,22.64,2026-01-28
559,Mockingjay (The Hunger Games #3),20.44,Default,23.53,2026-01-28
560,Harry Potter and the Sorcerer's Stone (Harry Potter #1),13.9,Default,16.0,2026-01-28
561,Confessions of a Shopaholic (Shopaholic #1),48.94,Default,56.33,2026-01-28
562,Zero History (Blue Ant #3),34.77,Default,40.02,2026-01-28
563,World War Z: An Oral History of the Zombie War,21.8,Default,25.09,2026-01-28
564,Wild: From Lost to Found on the Pacific Crest Trail,46.02,Default,52.97,2026-01-28
565,"Where'd You Go, Bernadette",18.13,Default,20.87,2026-01-28
566,Twilight (Twilight #1),41.93,Default,48.26,2026-01-28
567,The Paris Wife,36.8,Default,42.36,2026-01-28
568,The Maze Runner (The Maze Runner #1),20.93,Default,24.09,2026-01-28
569,The Lover's Dictionary,58.09,Default,66.86,2026-01-28
570,The Goldfinch,43.58,Default,50.16,2026-01-28
571,The Giver (The Giver Quartet #1),12.3,Default,14.16,2026-01-28
572,The Girl Who Played with Fire (Millennium Trilogy #2),22.14,Default,25.48,2026-01-28
573,The Demon-Haunted World: Science as a Candle in the Dark,52.25,Default,60.14,2026-01-28
574,The Book Thief,53.49,Default,61.57,2026-01-28
575,The Autobiography of Malcolm X,23.43,Default,26.97,2026-01-28
576,Shopaholic & Baby (Shopaholic #5),46.45,Default,53.46,2026-01-28
577,Quiet: The Power of Introverts in a World That Can't Stop Talking,43.55,Default,50.13,2026-01-28
578,Packing for Mars: The Curious Science of Life in the Void,56.68,Default,65.24,2026-01-28
579,Orange Is the New Black,24.61,Default,28.33,2026-01-28
580,One for the Money (Stephanie Plum #1),32.87,Default,37.83,2026-01-28
581,Morning Star (Red Rising #3),29.4,Default,33.84,2026-01-28
582,Life After Life,26.13,Default,30.08,2026-01-28
583,"Lean In: Women, Work, and the Will to Lead",25.02,Default,28.8,2026-01-28
584,Is Everyone Hanging Out Without Me? (And Other Concerns),20.11,Default,23.15,2026-01-28
585,Gone Girl,37.6,Default,43.28,2026-01-28
586,Fellside,38.62,Default,44.45,2026-01-28
587,Eclipse (Twilight #3),18.74,Default,21.57,2026-01-28
588,Dracula,52.62,Default,60.57,2026-01-28
589,Dead Wake: The Last Crossing of the Lusitania,39.24,Default,45.17,2026-01-28
590,"David and Goliath: Underdogs, Misfits, and the Art of Battling Giants",17.81,Default,20.5,2026-01-28
591,Dark Places,23.9,Default,27.51,2026-01-28
592,Breaking Dawn (Twilight #4),35.28,Default,40.61,2026-01-28
593,Beautiful Creatures (Caster Chronicles #1),21.55,Default,24.8,2026-01-28
594,A Visit from the Goon Squad,14.08,Default,16.21,2026-01-28
595,The Zombie Room,19.69,Default,22.66,2026-01-28
596,The Name of the Wind (The Kingkiller Chronicle #1),50.59,Default,58.23,2026-01-28
597,Taking Shots (Assassins #1),18.88,Default,21.73,2026-01-28
598,Shatter Me (Shatter Me #1),42.4,Default,48.8,2026-01-28
599,Paradise Lost (Paradise #1),24.96,Default,28.73,2026-01-28
600,On the Road (Duluoz Legend),32.36,Default,37.25,2026-01-28
601,Jane Eyre,38.43,Default,44.23,2026-01-28
602,Frankenstein,38.0,Default,43.74,2026-01-28
603,Mesaerion: The Best Science Fiction Stories 1800-1849,37.59,Science Fiction,43.27,2026-01-28
604,Join,35.67,Science Fiction,41.06,2026-01-28
605,"William Shakespeare's Star Wars: Verily, A New Hope (William Shakespeare's Star Wars #4)",43.3,Science Fiction,49.84,2026-01-28
606,The Project,10.65,Science Fiction,12.26,2026-01-28
607,Soft Apocalypse,26.12,Science Fiction,30.06,2026-01-28
608,Sleeping Giants (Themis Files #1),48.74,Science Fiction,56.1,2026-01-28
609,Arena,21.36,Science Fiction,24.59,2026-01-28
610,Foundation (Foundation (Publication Order) #1),32.42,Science Fiction,37.32,2026-01-28
611,The Restaurant at the End of the Universe (Hitchhiker's Guide to the Galaxy #2),10.92,Science Fiction,12.57,2026-01-28
612,Ready Player One,19.07,Science Fiction,21.95,2026-01-28
613,"Life, the Universe and Everything (Hitchhiker's Guide to the Galaxy #3)",33.26,Science Fiction,38.28,2026-01-28
614,Dune (Dune #1),54.86,Science Fiction,63.14,2026-01-28
615,Do Androids Dream of Electric Sheep? (Blade Runner #1),51.48,Science Fiction,59.25,2026-01-28
616,Three Wishes (River of Time: California #1),44.18,Science Fiction,50.85,2026-01-28
617,The Last Girl (The Dominion Trilogy #1),36.26,Science Fiction,41.74,2026-01-28
618,Having the Barbarian's Baby (Ice Planet Barbarians #7.5),34.96,Science Fiction,40.24,2026-01-28
619,The Book of Basketball: The NBA According to The Sports Guy,44.84,Sports and Games,51.61,2026-01-28
620,"Friday Night Lights: A Town, a Team, and a Dream",51.22,Sports and Games,58.95,2026-01-28
621,Sugar Rush (Offensive Line #2),24.42,Sports and Games,28.11,2026-01-28
622,Settling the Score (The Summer Games #1),44.91,Sports and Games,51.69,2026-01-28
623,Icing (Aces Hockey #2),40.44,Sports and Games,46.55,2026-01-28
624,The Torch Is Passed: A Harding Family Story,19.09,Add a comment,21.97,2026-01-28
625,"The Mindfulness and Acceptance Workbook for Anxiety: A Guide to Breaking Free from Anxiety, Phobias, and Worry Using Acceptance and Commitment Therapy",23.89,Add a comment,27.5,2026-01-28
626,The Art Forger,40.76,Add a comment,46.91,2026-01-28
627,On a Midnight Clear,14.07,Add a comment,16.19,2026-01-28
628,Judo: Seven Steps to Black Belt (an Introductory Guide for Beginners),53.9,Add a comment,62.04,2026-01-28
629,"Shobu Samurai, Project Aryoku (#3)",29.06,Add a comment,33.45,2026-01-28
630,Modern Romance,28.26,Add a comment,32.53,2026-01-28
631,The White Queen (The Cousins' War #1),25.91,Add a comment,29.82,2026-01-28
632,The Song of Achilles,37.4,Add a comment,43.05,2026-01-28
633,The Immortal Life of Henrietta Lacks,40.67,Add a comment,46.81,2026-01-28
634,The Dovekeepers,48.78,Add a comment,56.15,2026-01-28
635,More Than Music (Chasing the Dream #1),37.61,Add a comment,43.29,2026-01-28
636,Code Name Verity (Code Name Verity #1),22.13,Add a comment,25.47,2026-01-28
637,Cell,20.29,Add a comment,23.35,2026-01-28
638,Angels Walking (Angels Walking #1),34.2,Add a comment,39.36,2026-01-28
639,"A Series of Catastrophes and Miracles: A True Story of Love, Science, and Cancer",56.48,Add a comment,65.01,2026-01-28
640,A People's History of the United States,40.79,Add a comment,46.95,2026-01-28
641,A Brush of Wings (Angels Walking #3),55.51,Add a comment,63.89,2026-01-28
642,Rook,37.86,Add a comment,43.58,2026-01-28
643,The Midnight Watch: A Novel of the Titanic and the Californian,26.2,Add a comment,30.16,2026-01-28
644,The Gray Rhino: How to Recognize and Act on the Obvious Dangers We Ignore,59.15,Add a comment,68.08,2026-01-28
645,The Children,11.88,Add a comment,13.67,2026-01-28
646,One with You (Crossfire #5),15.71,Add a comment,18.08,2026-01-28
647,Without Shame,48.27,Add a comment,55.56,2026-01-28
648,Watchmen,58.05,Add a comment,66.82,2026-01-28
649,A Hero's Curse (The Unseen Chronicles #1),50.49,Add a comment,58.11,2026-01-28
650,23 Degrees South: A Tropical Tale of Changing Whether...,35.79,Add a comment,41.19,2026-01-28
651,The Glass Castle,16.24,Add a comment,18.69,2026-01-28
652,The Drowning Girls,35.67,Add a comment,41.06,2026-01-28
653,Team of Rivals: The Political Genius of Abraham Lincoln,20.12,Add a comment,23.16,2026-01-28
654,John Adams,57.43,Add a comment,66.1,2026-01-28
655,Good in Bed (Cannie Shapiro #1),37.05,Add a comment,42.64,2026-01-28
656,The Joy of Cooking,43.27,Add a comment,49.8,2026-01-28
657,The Golden Compass (His Dark Materials #1),18.77,Add a comment,21.6,2026-01-28
658,The God Delusion,46.85,Add a comment,53.92,2026-01-28
659,Pride and Prejudice,19.27,Add a comment,22.18,2026-01-28
660,Mere Christianity,48.51,Add a comment,55.84,2026-01-28
661,Fun Home: A Family Tragicomic,56.59,Add a comment,65.14,2026-01-28
662,The Raven King (The Raven Cycle #4),30.57,Add a comment,35.19,2026-01-28
663,Find Her (Detective D.D. Warren #8),22.37,Add a comment,25.75,2026-01-28
664,Evicted: Poverty and Profit in the American City,42.27,Add a comment,48.65,2026-01-28
665,A Game of Thrones (A Song of Ice and Fire #1),46.42,Add a comment,53.43,2026-01-28
666,A Clash of Kings (A Song of Ice and Fire #2),10.79,Add a comment,12.42,2026-01-28
667,The Tipping Point: How Little Things Can Make a Big Difference,10.02,Add a comment,11.53,2026-01-28
668,The Rest Is Noise: Listening to the Twentieth Century,34.77,Add a comment,40.02,2026-01-28
669,The Purpose Driven Life: What on Earth Am I Here for?,37.19,Add a comment,42.81,2026-01-28
670,The Hitchhiker's Guide to the Galaxy (Hitchhiker's Guide to the Galaxy #1),47.8,Add a comment,55.02,2026-01-28
671,The Girl Who Kicked the Hornet's Nest (Millennium Trilogy #3),57.48,Add a comment,66.16,2026-01-28
672,"The End of Faith: Religion, Terror, and the Future of Reason",22.13,Add a comment,25.47,2026-01-28
673,The Complete Poems,41.32,Add a comment,47.56,2026-01-28
674,The Catcher in the Rye,24.55,Add a comment,28.26,2026-01-28
675,The Case for Christ (Cases for Christianity),47.84,Add a comment,55.06,2026-01-28
676,The Blind Side: Evolution of a Game,53.71,Add a comment,61.82,2026-01-28
677,Seven Days in the Art World,52.33,Add a comment,60.23,2026-01-28
678,Sarah's Key,46.29,Add a comment,53.28,2026-01-28
679,Rogue Lawyer (Rogue Lawyer #1),50.11,Add a comment,57.68,2026-01-28
680,Manuscript Found in Accra,34.98,Add a comment,40.26,2026-01-28
681,Fire Bound (Sea Haven/Sisters of the Heart #5),21.28,Add a comment,24.49,2026-01-28
682,Cosmos,36.17,Add a comment,41.63,2026-01-28
683,#GIRLBOSS,50.96,Add a comment,58.65,2026-01-28
684,The Sense of an Ending,31.38,Add a comment,36.12,2026-01-28
685,The Republic,33.78,Add a comment,38.88,2026-01-28
686,The Odyssey,29.64,Add a comment,34.12,2026-01-28
687,The Light of the Fireflies,54.43,Add a comment,62.65,2026-01-28
688,The Iliad,16.16,Add a comment,18.6,2026-01-28
689,The Communist Manifesto,14.76,Add a comment,16.99,2026-01-28
690,Lord of the Flies,24.89,Add a comment,28.65,2026-01-28
691,Unicorn Tracks,18.78,Fantasy,21.62,2026-01-28
692,"Saga, Volume 6 (Saga (Collected Editions) #6)",25.02,Fantasy,28.8,2026-01-28
693,Princess Between Worlds (Wide-Awake Princess #5),13.34,Fantasy,15.35,2026-01-28
694,Masks and Shadows,56.4,Fantasy,64.92,2026-01-28
695,Crown of Midnight (Throne of Glass #2),43.29,Fantasy,49.83,2026-01-28
696,"Avatar: The Last Airbender: Smoke and Shadow, Part 3 (Smoke and Shadow #3)",28.09,Fantasy,32.33,2026-01-28
697,A Court of Thorns and Roses (A Court of Thorns and Roses #1),52.37,Fantasy,60.28,2026-01-28
698,Throne of Glass (Throne of Glass #1),35.07,Fantasy,40.37,2026-01-28
699,The Glittering Court (The Glittering Court #1),44.28,Fantasy,50.97,2026-01-28
700,Hollow City (Miss Peregrine’s Peculiar Children #2),42.98,Fantasy,49.47,2026-01-28
701,The Star-Touched Queen,46.02,Fantasy,52.97,2026-01-28
702,The Hidden Oracle (The Trials of Apollo #1),52.26,Fantasy,60.15,2026-01-28
703,The Bane Chronicles (The Bane Chronicles #1-11),44.73,Fantasy,51.48,2026-01-28
704,Island of Dragons (Unwanteds #7),29.65,Fantasy,34.13,2026-01-28
705,Demigods & Magicians: Percy and Annabeth Meet the Kanes (Percy Jackson & Kane Chronicles Crossover #1-3),37.51,Fantasy,43.17,2026-01-28
706,City of Glass (The Mortal Instruments #3),56.02,Fantasy,64.48,2026-01-28
707,Searching for Meaning in Gailana,38.73,Fantasy,44.58,2026-01-28
708,A Shard of Ice (The Black Symphony Saga #1),56.63,Fantasy,65.18,2026-01-28
709,King's Folly (The Kinsman Chronicles #1),39.61,Fantasy,45.59,2026-01-28
710,Every Heart a Doorway (Every Heart A Doorway #1),12.16,Fantasy,14.0,2026-01-28
711,A Gathering of Shadows (Shades of Magic #2),44.81,Fantasy,51.58,2026-01-28
712,The Raven Boys (The Raven Cycle #1),57.74,Fantasy,66.46,2026-01-28
713,The False Prince (The Ascendance Trilogy #1),56.0,Fantasy,64.46,2026-01-28
714,Tell the Wind and Fire,45.51,Fantasy,52.38,2026-01-28
715,A Feast for Crows (A Song of Ice and Fire #4),17.21,Fantasy,19.81,2026-01-28
716,The Demonists (Demonist #1),52.11,Fantasy,59.98,2026-01-28
717,The Beast (Black Dagger Brotherhood #14),46.08,Fantasy,53.04,2026-01-28
718,Paper and Fire (The Great Library #2),49.45,Fantasy,56.92,2026-01-28
719,Harry Potter and the Order of the Phoenix (Harry Potter #5),31.63,Fantasy,36.41,2026-01-28
720,Harry Potter and the Half-Blood Prince (Harry Potter #6),48.75,Fantasy,56.11,2026-01-28
721,Harry Potter and the Chamber of Secrets (Harry Potter #2),14.74,Fantasy,16.97,2026-01-28
722,The Rose & the Dagger (The Wrath and the Dawn #2),58.64,Fantasy,67.49,2026-01-28
723,Soldier (Talon #3),24.72,Fantasy,28.45,2026-01-28
724,Midnight Riot (Peter Grant/ Rivers of London - books #1),55.46,Fantasy,63.83,2026-01-28
725,Heir to the Sky,44.07,Fantasy,50.72,2026-01-28
726,Eragon (The Inheritance Cycle #1),43.87,Fantasy,50.49,2026-01-28
727,Darkfever (Fever #1),56.02,Fantasy,64.48,2026-01-28
728,Ash,22.06,Fantasy,25.39,2026-01-28
729,A Storm of Swords (A Song of Ice and Fire #3),31.22,Fantasy,35.93,2026-01-28
730,Vampire Girl (Vampire Girl #1),53.82,Fantasy,61.95,2026-01-28
731,The Silent Twin (Detective Jennifer Knight #3),36.25,Fantasy,41.72,2026-01-28
732,The Mirror & the Maze (The Wrath and the Dawn #1.5),29.38,Fantasy,33.82,2026-01-28
733,Sister Sable (The Mad Queen #1),13.33,Fantasy,15.34,2026-01-28
734,Shadow Rites (Jane Yellowrock #10),21.72,Fantasy,25.0,2026-01-28
735,Origins (Alphas 0.5),28.99,Fantasy,33.37,2026-01-28
736,One Second (Seven #7),52.94,Fantasy,60.93,2026-01-28
737,Myriad (Prentor #1),58.75,Fantasy,67.62,2026-01-28
738,Without Borders (Wanderlove #1),45.07,New Adult,51.88,2026-01-28
739,The Mistake (Off-Campus #2),43.29,New Adult,49.83,2026-01-28
740,The Matchmaker's Playbook (Wingmen Inc. #1),55.85,New Adult,64.28,2026-01-28
741,The Hook Up (Game On #1),36.29,New Adult,41.77,2026-01-28
742,Shameless,58.35,New Adult,67.16,2026-01-28
743,Off Sides (Off #1),39.45,New Adult,45.41,2026-01-28
744,The Requiem Red,22.65,Young Adult,26.07,2026-01-28
745,Set Me Free,17.46,Young Adult,20.1,2026-01-28
746,The Natural History of Us (The Fine Art of Pretending #2),45.22,Young Adult,52.05,2026-01-28
747,Obsidian (Lux #1),14.86,Young Adult,17.1,2026-01-28
748,Burning,28.81,Young Adult,33.16,2026-01-28
749,A Fierce and Subtle Poison,28.13,Young Adult,32.38,2026-01-28
750,Scarlett Epstein Hates It Here,43.55,Young Adult,50.13,2026-01-28
751,"Nightingale, Sing",38.28,Young Adult,44.06,2026-01-28
752,Library of Souls (Miss Peregrine’s Peculiar Children #3),48.56,Young Adult,55.89,2026-01-28
753,Frostbite (Vampire Academy #2),29.99,Young Adult,34.52,2026-01-28
754,Wild Swans,14.36,Young Adult,16.53,2026-01-28
755,Until Friday Night (The Field Party #1),46.31,Young Adult,53.3,2026-01-28
756,This Is Where It Ends,27.12,Young Adult,31.22,2026-01-28
757,The Darkest Lie,35.35,Young Adult,40.69,2026-01-28
758,My Kind of Crazy,40.36,Young Adult,46.45,2026-01-28
759,Don't Get Caught,55.35,Young Adult,63.71,2026-01-28
760,Catching Jordan (Hundred Oaks),50.83,Young Adult,58.51,2026-01-28
761,Aristotle and Dante Discover the Secrets of the Universe (Aristotle and Dante Discover the Secrets of the Universe #1),58.14,Young Adult,66.92,2026-01-28
762,The Epidemic (The Program 0.6),14.44,Young Adult,16.62,2026-01-28
763,Stars Above (The Lunar Chronicles #4.5),48.05,Young Adult,55.31,2026-01-28
764,No Love Allowed (Dodge Cove #1),54.65,Young Adult,62.9,2026-01-28
765,"Exit, Pursued by a Bear",51.34,Young Adult,59.09,2026-01-28
766,The Alien Club,54.4,Young Adult,62.61,2026-01-28
767,Don't Forget Steven,33.23,Young Adult,38.25,2026-01-28
768,South of Sunshine,28.93,Young Adult,33.3,2026-01-28
769,My Life Next Door (My Life Next Door ),36.39,Young Adult,41.88,2026-01-28
770,Future Shock (Future Shock #1),55.65,Young Adult,64.05,2026-01-28
771,Nightstruck: A Novel,50.35,Young Adult,57.95,2026-01-28
772,Tell the Wolves I'm Home,50.96,Young Adult,58.65,2026-01-28
773,"Will Grayson, Will Grayson (Will Grayson, Will Grayson)",47.31,Young Adult,54.45,2026-01-28
774,Where She Went (If I Stay #2),41.73,Young Adult,48.03,2026-01-28
775,Two Summers,14.64,Young Adult,16.85,2026-01-28
776,The Darkest Corners,11.33,Young Adult,13.04,2026-01-28
777,Tell Me Three Things,41.81,Young Adult,48.12,2026-01-28
778,Lola and the Boy Next Door (Anna and the French Kiss #2),23.63,Young Adult,27.2,2026-01-28
779,Kill the Boy Band,15.52,Young Adult,17.86,2026-01-28
780,Isla and the Happily Ever After (Anna and the French Kiss #3),48.13,Young Adult,55.4,2026-01-28
781,An Abundance of Katherines,10.0,Young Adult,11.51,2026-01-28
782,Harry Potter and the Prisoner of Azkaban (Harry Potter #3),24.17,Young Adult,27.82,2026-01-28
783,Walk the Edge (Thunder Road #2),32.36,Young Adult,37.25,2026-01-28
784,Two Boys Kissing,32.74,Young Adult,37.68,2026-01-28
785,The New Guy (and Other Senior Year Distractions),44.92,Young Adult,51.7,2026-01-28
786,"The Land of 10,000 Madonnas",29.64,Young Adult,34.12,2026-01-28
787,Scarlet (The Lunar Chronicles #2),14.57,Young Adult,16.77,2026-01-28
788,Legend (Legend #1),43.69,Young Adult,50.29,2026-01-28
789,Lady Renegades (Rebel Belle #3),53.04,Young Adult,61.05,2026-01-28
790,Golden (Heart of Dread #3),42.21,Young Adult,48.58,2026-01-28
791,Cinder (The Lunar Chronicles #1),26.09,Young Adult,30.03,2026-01-28
792,Boy Meets Boy,21.12,Young Adult,24.31,2026-01-28
793,Annie on My Mind,36.83,Young Adult,42.39,2026-01-28
794,New Moon (Twilight #2),12.86,Young Adult,14.8,2026-01-28
795,Girl Online On Tour (Girl Online #2),53.47,Young Adult,61.54,2026-01-28
796,The Haters,27.89,Young Adult,32.1,2026-01-28
797,The Art of Not Breathing,40.83,Young Adult,47.0,2026-01-28
798,The Most Perfect Thing: Inside (and Outside) a Bird's Egg,42.96,Science,49.45,2026-01-28
799,Immunity: How Elie Metchnikoff Changed the Course of Modern Medicine,57.36,Science,66.02,2026-01-28
800,Sorting the Beef from the Bull: The Science of Food Fraud Forensics,44.74,Science,51.5,2026-01-28
801,Tipping Point for Planet Earth: How Close Are We to the Edge?,37.55,Science,43.22,2026-01-28
802,"The Fabric of the Cosmos: Space, Time, and the Texture of Reality",55.91,Science,64.35,2026-01-28
803,Diary of a Citizen Scientist: Chasing Tiger Beetles and Other New Ways of Engaging the World,28.41,Science,32.7,2026-01-28
804,The Origin of Species,10.01,Science,11.52,2026-01-28
805,The Grand Design,13.76,Science,15.84,2026-01-28
806,Peak: Secrets from the New Science of Expertise,16.28,Science,18.74,2026-01-28
807,"The Elegant Universe: Superstrings, Hidden Dimensions, and the Quest for the Ultimate Theory",13.03,Science,15.0,2026-01-28
808,"The Disappearing Spoon: And Other True Tales of Madness, Love, and the History of the World from the Periodic Table of the Elements",57.35,Science,66.01,2026-01-28
809,"Surely You're Joking, Mr. Feynman!: Adventures of a Curious Character",25.83,Science,29.73,2026-01-28
810,Seven Brief Lessons on Physics,30.6,Science,35.22,2026-01-28
811,The Selfish Gene,29.45,Science,33.9,2026-01-28
812,A Light in the Attic,51.77,Poetry,59.59,2026-01-28
813,The Black Maria,52.15,Poetry,60.02,2026-01-28
814,Shakespeare's Sonnets,20.66,Poetry,23.78,2026-01-28
815,Olio,23.88,Poetry,27.49,2026-01-28
816,You can't bury them all: Poems,33.63,Poetry,38.71,2026-01-28
817,Slow States of Collapse: Poems,57.31,Poetry,65.96,2026-01-28
818,Untitled Collection: Sabbath Poems 2014,14.27,Poetry,16.42,2026-01-28
819,Poems That Make Grown Women Cry,14.19,Poetry,16.33,2026-01-28
820,Night Sky with Exit Wounds,41.05,Poetry,47.25,2026-01-28
821,salt.,46.78,Poetry,53.84,2026-01-28
822,"Quarter Life Poetry: Poems for the Young, Broke and Hangry",50.89,Poetry,58.57,2026-01-28
823,Out of Print: City Lights Spotlight No. 14,53.64,Poetry,61.74,2026-01-28
824,Les Fleurs du Mal,29.04,Poetry,33.43,2026-01-28
825,Howl and Other Poems,40.45,Poetry,46.56,2026-01-28
826,Leave This Song Behind: Teen Poetry at Its Best,51.17,Poetry,58.9,2026-01-28
827,The Collected Poems of W.B. Yeats (The Collected Works of W.B. Yeats #1),15.42,Poetry,17.75,2026-01-28
828,The Crossover,38.77,Poetry,44.62,2026-01-28
829,Booked,17.49,Poetry,20.13,2026-01-28
830,Twenty Love Poems and a Song of Despair,30.95,Poetry,35.62,2026-01-28
831,"Vampire Knight, Vol. 1 (Vampire Knight #1)",15.4,Paranormal,17.73,2026-01-28
832,Wall and Piece,44.18,Art,50.85,2026-01-28
833,Feathers: Displays of Brilliant Plumage,49.05,Art,56.46,2026-01-28
834,Art and Fear: Observations on the Perils (and Rewards) of Artmaking,48.63,Art,55.97,2026-01-28
835,The New Drawing on the Right Side of the Brain,43.02,Art,49.52,2026-01-28
836,History of Beauty,10.29,Art,11.84,2026-01-28
837,The Story of Art,41.14,Art,47.35,2026-01-28
838,The Art Book,32.34,Art,37.22,2026-01-28
839,Ways of Seeing,39.51,Art,45.48,2026-01-28
840,The Lucifer Effect: Understanding How Good People Turn Evil,10.4,Psychology,11.97,2026-01-28
841,The Golden Condom: And Other Essays on Love Lost and Found,39.43,Psychology,45.38,2026-01-28
842,It Didn't Start with You: How Inherited Family Trauma Shapes Who We Are and How to End the Cycle,56.27,Psychology,64.77,2026-01-28
843,An Unquiet Mind: A Memoir of Moods and Madness,21.3,Psychology,24.52,2026-01-28
844,"Thinking, Fast and Slow",21.14,Psychology,24.33,2026-01-28
845,Civilization and Its Discontents,59.95,Psychology,69.0,2026-01-28
846,8 Keys to Mental Health Through Exercise,31.04,Psychology,35.73,2026-01-28
847,The Argonauts,10.93,Autobiography,12.58,2026-01-28
848,M Train,27.18,Autobiography,31.28,2026-01-28
849,Lab Girl,40.85,Autobiography,47.02,2026-01-28
850,Approval Junkie: Adventures in Caring Too Much,58.81,Autobiography,67.69,2026-01-28
851,Running with Scissors,12.91,Autobiography,14.86,2026-01-28
852,Me Talk Pretty One Day,57.6,Autobiography,66.3,2026-01-28
853,Lust & Wonder,11.87,Autobiography,13.66,2026-01-28
854,Life Without a Recipe,59.04,Autobiography,67.96,2026-01-28
855,A Heartbreaking Work of Staggering Genius,54.29,Autobiography,62.49,2026-01-28
856,Catastrophic Happiness: Finding Joy in Childhood's Messy Years,37.35,Parenting,42.99,2026-01-28
857,Fifty Shades Freed (Fifty Shades #3),15.36,Adult Fiction,17.68,2026-01-28
858,The Long Haul (Diary of a Wimpy Kid #9),44.07,Humor,50.72,2026-01-28
859,Old School (Diary of a Wimpy Kid #10),11.83,Humor,13.62,2026-01-28
860,I Know What I'm Doing -- and Other Lies I Tell Myself: Dispatches from a Life Under Construction,25.98,Humor,29.9,2026-01-28
861,"Hyperbole and a Half: Unfortunate Situations, Flawed Coping Mechanisms, Mayhem, and Other Things That Happened",14.75,Humor,16.98,2026-01-28
862,Dress Your Family in Corduroy and Denim,43.68,Humor,50.28,2026-01-28
863,Toddlers Are A**holes: It's Not Your Fault,25.55,Humor,29.41,2026-01-28
864,When You Are Engulfed in Flames,30.89,Humor,35.55,2026-01-28
865,Naked,31.69,Humor,36.48,2026-01-28
866,"Lamb: The Gospel According to Biff, Christ's Childhood Pal",55.5,Humor,63.88,2026-01-28
867,Holidays on Ice,51.07,Humor,58.78,2026-01-28
868,Security,39.25,Horror,45.18,2026-01-28
869,Follow You Home,21.36,Horror,24.59,2026-01-28
870,The Loney,23.4,Horror,26.93,2026-01-28
871,Pet Sematary,10.56,Horror,12.15,2026-01-28
872,Doctor Sleep (The Shining #2),40.12,Horror,46.18,2026-01-28
873,Psycho: Sanitarium (Psycho #1.5),36.97,Horror,42.55,2026-01-28
874,Can You Keep a Secret? (Fear Street Relaunch #4),48.64,Horror,55.98,2026-01-28
875,Red Dragon (Hannibal Lecter #1),23.37,Horror,26.9,2026-01-28
876,Dracula the Un-Dead,35.63,Horror,41.01,2026-01-28
877,Night Shift (Night Shift #1-20),12.75,Horror,14.68,2026-01-28
878,Needful Things,47.51,Horror,54.68,2026-01-28
879,Misery,34.79,Horror,40.04,2026-01-28
880,It,25.01,Horror,28.79,2026-01-28
881,'Salem's Lot,49.56,Horror,57.04,2026-01-28
882,The Stand,57.86,Horror,66.6,2026-01-28
883,The Girl with All the Gifts,49.47,Horror,56.94,2026-01-28
884,House of Leaves,54.89,Horror,63.18,2026-01-28
885,Sapiens: A Brief History of Humankind,54.23,History,62.42,2026-01-28
886,"Unbound: How Eight Technologies Made Us Human, Transformed Society, and Brought Our World to the Brink",25.52,History,29.37,2026-01-28
887,The Age of Genius: The Seventeenth Century and the Birth of the Modern Mind,19.73,History,22.71,2026-01-28
888,"Political Suicide: Missteps, Peccadilloes, Bad Calls, Backroom Hijinx, Sordid Pasts, Rotten Breaks, and Just Plain Dumb Mistakes in the Annals of American Politics",36.28,History,41.76,2026-01-28
889,Thomas Jefferson and the Tripoli Pirates: The Forgotten War That Changed American History,59.64,History,68.65,2026-01-28
890,Zealot: The Life and Times of Jesus of Nazareth,24.7,History,28.43,2026-01-28
891,A Distant Mirror: The Calamitous 14th Century,14.58,History,16.78,2026-01-28
892,1491: New Revelations of the Americas Before Columbus,21.8,History,25.09,2026-01-28
893,Brilliant Beacons: A History of the American Lighthouse,11.45,History,13.18,2026-01-28
894,"""Most Blessed of the Patriarchs"": Thomas Jefferson and the Empire of the Imagination",44.48,History,51.2,2026-01-28
895,A Short History of Nearly Everything,52.4,History,60.31,2026-01-28
896,The Rise and Fall of the Third Reich: A History of Nazi Germany,39.67,History,45.66,2026-01-28
897,Catherine the Great: Portrait of a Woman,58.55,History,67.39,2026-01-28
898,The Mathews Men: Seven Brothers and the War Against Hitler's U-boats,42.91,History,49.39,2026-01-28
899,The Hiding Place,55.91,History,64.35,2026-01-28
900,America's War for the Greater Middle East: A Military History,51.22,History,58.95,2026-01-28
901,The Guns of August,14.54,History,16.74,2026-01-28
902,"House of Lost Worlds: Dinosaurs, Dynasties, and the Story of Life on Earth",43.7,History,50.3,2026-01-28
903,"Foolproof Preserving: A Guide to Small Batch Jams, Jellies, Pickles, Condiments, and More: A Foolproof Guide to Making Small Batch Jams, Jellies, Pickles, Condiments, and More",30.52,Food and Drink,35.13,2026-01-28
904,"The Pioneer Woman Cooks: Dinnertime: Comfort Classics, Freezer Food, 16-Minute Meals, and Other Delicious Ways to Solve Supper!",56.41,Food and Drink,64.93,2026-01-28
905,My Paris Kitchen: Recipes and Stories,33.37,Food and Drink,38.41,2026-01-28
906,"Mama Tried: Traditional Italian Cooking for the Screwed, Crude, Vegan, and Tattooed",14.02,Food and Drink,16.14,2026-01-28
907,"Layered: Baking, Building, and Styling Spectacular Cakes",40.11,Food and Drink,46.17,2026-01-28
908,The Nerdy Nummies Cookbook: Sweet Treats for the Geek in All of Us,37.34,Food and Drink,42.98,2026-01-28
909,The Love and Lemons Cookbook: An Apple-to-Zucchini Celebration of Impromptu Cooking,37.6,Food and Drink,43.28,2026-01-28
910,The Cookies & Cups Cookbook: 125+ sweet & savory recipes reminding you to Always Eat Dessert First,41.25,Food and Drink,47.48,2026-01-28
911,"Deliciously Ella Every Day: Quick and Easy Recipes for Gluten-Free Snacks, Packed Lunches, and Simple Meals",42.16,Food and Drink,48.53,2026-01-28
912,The Help Yourself Cookbook for Kids: 60 Easy Plant-Based Recipes Kids Can Make to Stay Healthy and Save the Earth,28.77,Food and Drink,33.11,2026-01-28
913,"It's All Easy: Healthy, Delicious Weeknight Meals in under 30 Minutes",19.55,Food and Drink,22.5,2026-01-28
914,Barefoot Contessa Back to Basics,28.01,Food and Drink,32.24,2026-01-28
915,Barefoot Contessa at Home: Everyday Recipes You'll Make Over and Over Again,50.62,Food and Drink,58.26,2026-01-28
916,My Kitchen Year: 136 Recipes That Saved My Life,11.53,Food and Drink,13.27,2026-01-28
917,Everyday Italian: 125 Simple and Delicious Recipes,20.1,Food and Drink,23.14,2026-01-28
918,"A la Mode: 120 Recipes in 60 Pairings: Pies, Tarts, Cakes, Crisps, and More Topped with Ice Cream, Gelato, Frozen Custard, and More",38.77,Food and Drink,44.62,2026-01-28
919,Cravings: Recipes for What You Want to Eat,20.5,Food and Drink,23.6,2026-01-28
920,"The Moosewood Cookbook: Recipes from Moosewood Restaurant, Ithaca, New York",12.34,Food and Drink,14.2,2026-01-28
921,32 Yolks,53.63,Food and Drink,61.73,2026-01-28
922,"Naturally Lean: 125 Nourishing Gluten-Free, Plant-Based Recipes--All Under 300 Calories",11.38,Food and Drink,13.1,2026-01-28
923,How to Cook Everything Vegetarian: Simple Meatless Recipes for Great Food (How to Cook Everything),46.01,Food and Drink,52.96,2026-01-28
924,How to Be a Domestic Goddess: Baking and the Art of Comfort Cooking,28.25,Food and Drink,32.52,2026-01-28
925,The Barefoot Contessa Cookbook,59.92,Food and Drink,68.97,2026-01-28
926,Better Homes and Gardens New Cook Book,39.61,Food and Drink,45.59,2026-01-28
927,The Power Greens Cookbook: 140 Delicious Superfood Recipes,11.05,Food and Drink,12.72,2026-01-28
928,Mexican Today: New and Rediscovered Recipes for Contemporary Kitchens,24.91,Food and Drink,28.67,2026-01-28
929,Vegan Vegetarian Omnivore: Dinner for Everyone at the Table,13.66,Food and Drink,15.72,2026-01-28
930,The Smitten Kitchen Cookbook,23.59,Food and Drink,27.15,2026-01-28
931,"The Art of Simple Food: Notes, Lessons, and Recipes from a Delicious Revolution",34.32,Food and Drink,39.5,2026-01-28
932,Hungry Girl Clean & Hungry: Easy All-Natural Recipes for Healthy Eating in the Real World,33.14,Food and Drink,38.14,2026-01-28
933,Redeeming Love,20.47,Christian Fiction,23.56,2026-01-28
934,Close to You,49.46,Christian Fiction,56.93,2026-01-28
935,Shadows of the Past (Logan Point #1),39.67,Christian Fiction,45.66,2026-01-28
936,Like Never Before (Walker Family #2),28.77,Christian Fiction,33.11,2026-01-28
937,Counted With the Stars (Out from Egypt #1),17.97,Christian Fiction,20.68,2026-01-28
938,If I Run (If I Run #1),49.97,Christian Fiction,57.52,2026-01-28
939,The Dirty Little Secrets of Getting Your Dream Job,33.34,Business,38.37,2026-01-28
940,The Third Wave: An Entrepreneur’s Vision of the Future,12.61,Business,14.51,2026-01-28
941,The 10% Entrepreneur: Live Your Startup Dream Without Quitting Your Day Job,27.55,Business,31.71,2026-01-28
942,Shoe Dog: A Memoir by the Creator of NIKE,23.99,Business,27.61,2026-01-28
943,Made to Stick: Why Some Ideas Survive and Others Die,38.85,Business,44.72,2026-01-28
944,Quench Your Own Thirst: Business Lessons Learned Over a Beer or Two,43.14,Business,49.65,2026-01-28
945,The Art of Startup Fundraising,21.0,Business,24.17,2026-01-28
946,Born for This: How to Find the Work You Were Meant to Do,21.59,Business,24.85,2026-01-28
947,The E-Myth Revisited: Why Most Small Businesses Don't Work and What to Do About It,36.91,Business,42.48,2026-01-28
948,"Rich Dad, Poor Dad",51.74,Business,59.55,2026-01-28
949,The Lean Startup: How Today's Entrepreneurs Use Continuous Innovation to Create Radically Successful Businesses,33.92,Business,39.04,2026-01-28
950,Rework,44.88,Business,51.66,2026-01-28
951,Louisa: The Extraordinary Life of Mrs. Adams,16.85,Biography,19.39,2026-01-28
952,"Setting the World on Fire: The Brief, Astonishing Life of St. Catherine of Siena",21.15,Biography,24.34,2026-01-28
953,The Faith of Christopher Hitchens: The Restless Soul of the World's Most Notorious Atheist,39.55,Biography,45.52,2026-01-28
954,Benjamin Franklin: An American Life,48.19,Biography,55.47,2026-01-28
955,The Rise of Theodore Roosevelt (Theodore Roosevelt #1),42.57,Biography,49.0,2026-01-28
956,In Her Wake,12.84,Thriller,14.78,2026-01-28
957,The Elephant Tree,23.82,Thriller,27.42,2026-01-28
958,Behind Closed Doors,52.22,Thriller,60.11,2026-01-28
959,You (You #1),43.61,Thriller,50.2,2026-01-28
960,The Guilty (Will Robie #4),13.82,Thriller,15.91,2026-01-28
961,The 14th Colony (Cotton Malone #11),39.24,Thriller,45.17,2026-01-28
962,Give It Back,18.32,Thriller,21.09,2026-01-28
963,Killing Floor (Jack Reacher #1),31.49,Thriller,36.24,2026-01-28
964,The Bone Hunters (Lexy Vaughan & Steven Macaulay #2),59.71,Thriller,68.73,2026-01-28
965,Far From True (Promise Falls Trilogy #2),34.93,Thriller,40.2,2026-01-28
966,The Travelers,15.77,Thriller,18.15,2026-01-28
967,When We Collided,31.77,Contemporary,36.57,2026-01-28
968,Someone Like You (The Harrisons #2),52.79,Contemporary,60.76,2026-01-28
969,We Are All Completely Beside Ourselves,24.04,Contemporary,27.67,2026-01-28
970,The Four Agreements: A Practical Guide to Personal Freedom,17.66,Spirituality,20.33,2026-01-28
971,The Activist's Tao Te Ching: Ancient Advice for a Modern Revolution,32.24,Spirituality,37.11,2026-01-28
972,Chasing Heaven: What Dying Taught Me About Living,37.8,Spirituality,43.51,2026-01-28
973,If I Gave You God's Phone Number....: Searching for Spirituality in America,20.91,Spirituality,24.07,2026-01-28
974,Unreasonable Hope: Finding Faith in the God Who Brings Purpose to Your Pain,46.33,Spirituality,53.33,2026-01-28
975,A New Earth: Awakening to Your Life's Purpose,55.65,Spirituality,64.05,2026-01-28
976,Logan Kade (Fallen Crest High #5.5),13.12,Academic,15.1,2026-01-28
977,Online Marketing for Busy Authors: A Step-By-Step Guide,46.35,Self Help,53.35,2026-01-28
978,How to Be Miserable: 40 Strategies You Already Use,46.03,Self Help,52.98,2026-01-28
979,"Overload: How to Unplug, Unwind, and Unleash Yourself from the Pressure of Stress",52.15,Self Help,60.02,2026-01-28
980,You Are a Badass: How to Stop Doubting Your Greatness and Start Living an Awesome Life,12.08,Self Help,13.9,2026-01-28
981,How to Stop Worrying and Start Living,46.49,Self Help,53.51,2026-01-28
982,All the Light We Cannot See,29.87,Historical,34.38,2026-01-28
983,The Girl You Left Behind (The Girl You Left Behind #1),15.79,Historical,18.17,2026-01-28
984,(Un)Qualified: How God Uses Broken People to Do Big Things,54.0,Christian,62.15,2026-01-28
985,Crazy Love: Overwhelmed by a Relentless God,47.72,Christian,54.93,2026-01-28
986,Blue Like Jazz: Nonreligious Thoughts on Christian Spirituality,25.77,Christian,29.66,2026-01-28
987,Silence in the Dark (Logan Point #4),58.33,Suspense,67.14,2026-01-28
988,The Grownup,35.88,Short Stories,41.3,2026-01-28
989,Suzie Snowflake: One beautiful flake (a self-esteem story),54.81,Novels,63.09,2026-01-28
990,"The Bulletproof Diet: Lose up to a Pound a Day, Reclaim Energy and Focus, Upgrade Your Life",49.05,Health,56.46,2026-01-28
991,"Eat Fat, Get Thin",54.07,Health,62.23,2026-01-28
992,10-Day Green Smoothie Cleanse: Lose Up to 15 Pounds in 10 Days!,49.71,Health,57.22,2026-01-28
993,The Art and Science of Low Carbohydrate Living,52.98,Health,60.98,2026-01-28
994,Libertarianism for Beginners,51.33,Politics,59.08,2026-01-28
995,Why the Right Went Wrong: Conservatism--From Goldwater to the Tea Party and Beyond,52.65,Politics,60.6,2026-01-28
996,Equal Is Unfair: America's Misguided Fight Against Income Inequality,56.86,Politics,65.45,2026-01-28
997,Amid the Chaos,36.58,Cultural,42.1,2026-01-28
998,Dark Notes,19.19,Erotica,22.09,2026-01-28
999,The Long Shadow of Small Ghosts: Murder and Memory in an American City,10.97,Crime,12.63,2026-01-28
